-0.266499, 0.890627, -0.758371, -0.929757, -0.266499, 0.890627, -0.758371, -0.929757, -0.424873, 0.890627, -0.758371, -0.908360, -0.424873, 0.890627, -0.758371, -0.908360, -0.424873, 0.890627, -0.758371, -0.929757, -0.424873, 0.678097, -0.758371, -0.929757
-0.266499, 0.890627, -0.758371, -0.929757, -0.424873, 0.890627, -0.758371, -0.908360, -0.424873, 0.890627, -0.758371, -0.908360, -0.424873, 0.890627, -0.758371, -0.929757, -0.424873, 0.678097, -0.758371, -0.929757, -0.424873, 0.890627, -0.758371, -0.929757
-0.424873, 0.890627, -0.758371, -0.908360, -0.424873, 0.890627, -0.758371, -0.908360, -0.424873, 0.890627, -0.758371, -0.929757, -0.424873, 0.678097, -0.758371, -0.929757, -0.424873, 0.890627, -0.758371, -0.929757, -0.424873, 0.890627, -0.758371, -0.929757
-0.424873, 0.890627, -0.758371, -0.908360, -0.424873, 0.890627, -0.758371, -0.929757, -0.424873, 0.678097, -0.758371, -0.929757, -0.424873, 0.890627, -0.758371, -0.929757, -0.424873, 0.890627, -0.758371, -0.929757, -0.424873, 0.890627, -0.758371, -0.929757
-0.424873, 0.890627, -0.758371, -0.929757, -0.424873, 0.678097, -0.758371, -0.929757, -0.424873, 0.890627, -0.758371, -0.929757, -0.424873, 0.890627, -0.758371, -0.929757, -0.424873, 0.890627, -0.758371, -0.929757, -0.424873, 0.890627, -0.758371, -0.929757
-0.424873, 0.678097, -0.758371, -0.929757, -0.424873, 0.890627, -0.758371, -0.929757, -0.424873, 0.890627, -0.758371, -0.929757, -0.424873, 0.890627, -0.758371, -0.929757, -0.424873, 0.890627, -0.758371, -0.929757, -0.424873, 0.890627, -0.758371, -0.929757
-0.424873, 0.890627, -0.758371, -0.929757, -0.424873, 0.890627, -0.758371, -0.929757, -0.424873, 0.890627, -0.758371, -0.929757, -0.424873, 0.890627, -0.758371, -0.929757, -0.424873, 0.890627, -0.758371, -0.929757, -0.424873, 0.890627, -0.758371, -0.929757
-0.424873, 0.890627, -0.758371, -0.929757, -0.424873, 0.890627, -0.758371, -0.929757, -0.424873, 0.890627, -0.758371, -0.929757, -0.424873, 0.890627, -0.758371, -0.929757, -0.424873, 0.890627, -0.758371, -0.929757, -0.424873, 0.890627, -0.758371, -0.929757
-0.424873, 0.890627, -0.758371, -0.929757, -0.424873, 0.890627, -0.758371, -0.929757, -0.424873, 0.890627, -0.758371, -0.929757, -0.424873, 0.890627, -0.758371, -0.929757, -0.424873, 0.890627, -0.758371, -0.929757, -0.424873, 0.890627, -0.758371, -0.929757
-0.424873, 0.890627, -0.758371, -0.929757, -0.424873, 0.890627, -0.758371, -0.929757, -0.424873, 0.890627, -0.758371, -0.929757, -0.424873, 0.890627, -0.758371, -0.929757, -0.424873, 0.890627, -0.758371, -0.929757, -0.424873, 0.890627, -0.758371, -0.929757
-0.424873, 0.890627, -0.758371, -0.929757, -0.424873, 0.890627, -0.758371, -0.929757, -0.424873, 0.890627, -0.758371, -0.929757, -0.424873, 0.890627, -0.758371, -0.929757, -0.424873, 0.890627, -0.758371, -0.929757, -0.424873, 0.890627, -0.758371, -0.929757
-0.424873, 0.890627, -0.758371, -0.929757, -0.424873, 0.890627, -0.758371, -0.929757, -0.424873, 0.890627, -0.758371, -0.929757, -0.424873, 0.890627, -0.758371, -0.929757, -0.424873, 0.890627, -0.758371, -0.929757, -0.583248, 0.837495, -0.758371, -0.929757
-0.424873, 0.890627, -0.758371, -0.929757, -0.424873, 0.890627, -0.758371, -0.929757, -0.424873, 0.890627, -0.758371, -0.929757, -0.424873, 0.890627, -0.758371, -0.929757, -0.583248, 0.837495, -0.758371, -0.929757, -0.583248, 0.837495, -0.758371, -0.929757
-0.424873, 0.890627, -0.758371, -0.929757, -0.424873, 0.890627, -0.758371, -0.929757, -0.424873, 0.890627, -0.758371, -0.929757, -0.583248, 0.837495, -0.758371, -0.929757, -0.583248, 0.837495, -0.758371, -0.929757, -0.899998, 0.731229, -0.758371, -0.951154
-0.424873, 0.890627, -0.758371, -0.929757, -0.424873, 0.890627, -0.758371, -0.929757, -0.583248, 0.837495, -0.758371, -0.929757, -0.583248, 0.837495, -0.758371, -0.929757, -0.899998, 0.731229, -0.758371, -0.951154, -0.899998, 0.731229, -0.758371, -0.951154
-0.424873, 0.890627, -0.758371, -0.929757, -0.583248, 0.837495, -0.758371, -0.929757, -0.583248, 0.837495, -0.758371, -0.929757, -0.899998, 0.731229, -0.758371, -0.951154, -0.899998, 0.731229, -0.758371, -0.951154, -0.899998, 0.731229, -0.758371, -0.951154
-0.583248, 0.837495, -0.758371, -0.929757, -0.583248, 0.837495, -0.758371, -0.929757, -0.899998, 0.731229, -0.758371, -0.951154, -0.899998, 0.731229, -0.758371, -0.951154, -0.899998, 0.731229, -0.758371, -0.951154, -1.058373, 0.731229, -0.758371, -0.951154
-0.583248, 0.837495, -0.758371, -0.929757, -0.899998, 0.731229, -0.758371, -0.951154, -0.899998, 0.731229, -0.758371, -0.951154, -0.899998, 0.731229, -0.758371, -0.951154, -1.058373, 0.731229, -0.758371, -0.951154, -1.058373, 0.731229, -0.758371, -0.951154
-0.899998, 0.731229, -0.758371, -0.951154, -0.899998, 0.731229, -0.758371, -0.951154, -0.899998, 0.731229, -0.758371, -0.951154, -1.058373, 0.731229, -0.758371, -0.951154, -1.058373, 0.731229, -0.758371, -0.951154, -1.058373, 0.731229, -0.758371, -0.951154
-0.899998, 0.731229, -0.758371, -0.951154, -0.899998, 0.731229, -0.758371, -0.951154, -1.058373, 0.731229, -0.758371, -0.951154, -1.058373, 0.731229, -0.758371, -0.951154, -1.058373, 0.731229, -0.758371, -0.951154, -0.899998, 0.731229, -0.758371, -0.951154
-0.899998, 0.731229, -0.758371, -0.951154, -1.058373, 0.731229, -0.758371, -0.951154, -1.058373, 0.731229, -0.758371, -0.951154, -1.058373, 0.731229, -0.758371, -0.951154, -0.899998, 0.731229, -0.758371, -0.951154, -1.058373, 0.731229, -0.758371, -0.951154
-1.058373, 0.731229, -0.758371, -0.951154, -1.058373, 0.731229, -0.758371, -0.951154, -1.058373, 0.731229, -0.758371, -0.951154, -0.899998, 0.731229, -0.758371, -0.951154, -1.058373, 0.731229, -0.758371, -0.951154, -1.058373, 0.731229, -0.758371, -0.951154
-1.058373, 0.731229, -0.758371, -0.951154, -1.058373, 0.731229, -0.758371, -0.951154, -0.899998, 0.731229, -0.758371, -0.951154, -1.058373, 0.731229, -0.758371, -0.951154, -1.058373, 0.731229, -0.758371, -0.951154, -0.899998, 0.731229, -0.758371, -0.972551
-1.058373, 0.731229, -0.758371, -0.951154, -0.899998, 0.731229, -0.758371, -0.951154, -1.058373, 0.731229, -0.758371, -0.951154, -1.058373, 0.731229, -0.758371, -0.951154, -0.899998, 0.731229, -0.758371, -0.972551, -0.741623, 0.784362, -0.758371, -0.972551
-0.899998, 0.731229, -0.758371, -0.951154, -1.058373, 0.731229, -0.758371, -0.951154, -1.058373, 0.731229, -0.758371, -0.951154, -0.899998, 0.731229, -0.758371, -0.972551, -0.741623, 0.784362, -0.758371, -0.972551, -0.741623, 0.784362, -0.758371, -0.972551
-1.058373, 0.731229, -0.758371, -0.951154, -1.058373, 0.731229, -0.758371, -0.951154, -0.899998, 0.731229, -0.758371, -0.972551, -0.741623, 0.784362, -0.758371, -0.972551, -0.741623, 0.784362, -0.758371, -0.972551, -0.741623, 0.784362, -0.758371, -0.972551
-1.058373, 0.731229, -0.758371, -0.951154, -0.899998, 0.731229, -0.758371, -0.972551, -0.741623, 0.784362, -0.758371, -0.972551, -0.741623, 0.784362, -0.758371, -0.972551, -0.741623, 0.784362, -0.758371, -0.972551, -0.741623, 0.784362, -0.758371, -0.972551
-0.899998, 0.731229, -0.758371, -0.972551, -0.741623, 0.784362, -0.758371, -0.972551, -0.741623, 0.784362, -0.758371, -0.972551, -0.741623, 0.784362, -0.758371, -0.972551, -0.741623, 0.784362, -0.758371, -0.972551, -0.741623, 0.784362, -0.758371, -0.972551
-0.741623, 0.784362, -0.758371, -0.972551, -0.741623, 0.784362, -0.758371, -0.972551, -0.741623, 0.784362, -0.758371, -0.972551, -0.741623, 0.784362, -0.758371, -0.972551, -0.741623, 0.784362, -0.758371, -0.972551, -0.899998, 0.731229, -0.758371, -0.972551
-0.741623, 0.784362, -0.758371, -0.972551, -0.741623, 0.784362, -0.758371, -0.972551, -0.741623, 0.784362, -0.758371, -0.972551, -0.741623, 0.784362, -0.758371, -0.972551, -0.899998, 0.731229, -0.758371, -0.972551, -0.583248, 0.837495, -0.758371, -0.993948
-0.741623, 0.784362, -0.758371, -0.972551, -0.741623, 0.784362, -0.758371, -0.972551, -0.741623, 0.784362, -0.758371, -0.972551, -0.899998, 0.731229, -0.758371, -0.972551, -0.583248, 0.837495, -0.758371, -0.993948, -0.899998, 0.731229, -0.758371, -0.993948
-0.741623, 0.784362, -0.758371, -0.972551, -0.741623, 0.784362, -0.758371, -0.972551, -0.899998, 0.731229, -0.758371, -0.972551, -0.583248, 0.837495, -0.758371, -0.993948, -0.899998, 0.731229, -0.758371, -0.993948, -1.216748, 0.731229, -0.758371, -0.993948
-0.741623, 0.784362, -0.758371, -0.972551, -0.899998, 0.731229, -0.758371, -0.972551, -0.583248, 0.837495, -0.758371, -0.993948, -0.899998, 0.731229, -0.758371, -0.993948, -1.216748, 0.731229, -0.758371, -0.993948, -0.899998, 0.731229, -0.758371, -0.993948
-0.899998, 0.731229, -0.758371, -0.972551, -0.583248, 0.837495, -0.758371, -0.993948, -0.899998, 0.731229, -0.758371, -0.993948, -1.216748, 0.731229, -0.758371, -0.993948, -0.899998, 0.731229, -0.758371, -0.993948, -0.741623, 0.784362, -0.758371, -0.993948
-0.583248, 0.837495, -0.758371, -0.993948, -0.899998, 0.731229, -0.758371, -0.993948, -1.216748, 0.731229, -0.758371, -0.993948, -0.899998, 0.731229, -0.758371, -0.993948, -0.741623, 0.784362, -0.758371, -0.993948, -0.741623, 0.784362, -0.758371, -0.993948
-0.899998, 0.731229, -0.758371, -0.993948, -1.216748, 0.731229, -0.758371, -0.993948, -0.899998, 0.731229, -0.758371, -0.993948, -0.741623, 0.784362, -0.758371, -0.993948, -0.741623, 0.784362, -0.758371, -0.993948, -0.899998, 0.731229, -0.758371, -1.015345
-1.216748, 0.731229, -0.758371, -0.993948, -0.899998, 0.731229, -0.758371, -0.993948, -0.741623, 0.784362, -0.758371, -0.993948, -0.741623, 0.784362, -0.758371, -0.993948, -0.899998, 0.731229, -0.758371, -1.015345, -0.899998, 0.731229, -0.758371, -1.015345
-0.899998, 0.731229, -0.758371, -0.993948, -0.741623, 0.784362, -0.758371, -0.993948, -0.741623, 0.784362, -0.758371, -0.993948, -0.899998, 0.731229, -0.758371, -1.015345, -0.899998, 0.731229, -0.758371, -1.015345, -0.899998, 0.253035, -0.758371, -1.015345
-0.741623, 0.784362, -0.758371, -0.993948, -0.741623, 0.784362, -0.758371, -0.993948, -0.899998, 0.731229, -0.758371, -1.015345, -0.899998, 0.731229, -0.758371, -1.015345, -0.899998, 0.253035, -0.758371, -1.015345, -0.899998, 0.731229, -0.758371, -1.015345
-0.741623, 0.784362, -0.758371, -0.993948, -0.899998, 0.731229, -0.758371, -1.015345, -0.899998, 0.731229, -0.758371, -1.015345, -0.899998, 0.253035, -0.758371, -1.015345, -0.899998, 0.731229, -0.758371, -1.015345, -0.899998, 0.731229, -0.758371, -1.015345
-0.899998, 0.731229, -0.758371, -1.015345, -0.899998, 0.731229, -0.758371, -1.015345, -0.899998, 0.253035, -0.758371, -1.015345, -0.899998, 0.731229, -0.758371, -1.015345, -0.899998, 0.731229, -0.758371, -1.015345, -0.899998, 0.731229, -0.758371, -1.036742
-0.899998, 0.731229, -0.758371, -1.015345, -0.899998, 0.253035, -0.758371, -1.015345, -0.899998, 0.731229, -0.758371, -1.015345, -0.899998, 0.731229, -0.758371, -1.015345, -0.899998, 0.731229, -0.758371, -1.036742, -0.899998, 0.731229, -0.479935, -1.036742
-0.899998, 0.253035, -0.758371, -1.015345, -0.899998, 0.731229, -0.758371, -1.015345, -0.899998, 0.731229, -0.758371, -1.015345, -0.899998, 0.731229, -0.758371, -1.036742, -0.899998, 0.731229, -0.479935, -1.036742, -0.899998, 0.731229, 1.561930, -1.036742
-0.899998, 0.731229, -0.758371, -1.015345, -0.899998, 0.731229, -0.758371, -1.015345, -0.899998, 0.731229, -0.758371, -1.036742, -0.899998, 0.731229, -0.479935, -1.036742, -0.899998, 0.731229, 1.561930, -1.036742, -0.899998, 0.731229, 1.561930, -1.036742
-0.899998, 0.731229, -0.758371, -1.015345, -0.899998, 0.731229, -0.758371, -1.036742, -0.899998, 0.731229, -0.479935, -1.036742, -0.899998, 0.731229, 1.561930, -1.036742, -0.899998, 0.731229, 1.561930, -1.036742, -0.741623, 0.784362, 1.561930, -1.036742
-0.899998, 0.731229, -0.758371, -1.036742, -0.899998, 0.731229, -0.479935, -1.036742, -0.899998, 0.731229, 1.561930, -1.036742, -0.899998, 0.731229, 1.561930, -1.036742, -0.741623, 0.784362, 1.561930, -1.036742, -0.741623, 0.784362, 1.561930, -1.036742
-0.899998, 0.731229, -0.479935, -1.036742, -0.899998, 0.731229, 1.561930, -1.036742, -0.899998, 0.731229, 1.561930, -1.036742, -0.741623, 0.784362, 1.561930, -1.036742, -0.741623, 0.784362, 1.561930, -1.036742, -0.741623, 0.784362, 1.561930, -1.058139
-0.899998, 0.731229, 1.561930, -1.036742, -0.899998, 0.731229, 1.561930, -1.036742, -0.741623, 0.784362, 1.561930, -1.036742, -0.741623, 0.784362, 1.561930, -1.036742, -0.741623, 0.784362, 1.561930, -1.058139, -0.741623, 0.784362, 1.592867, -1.058139
-0.899998, 0.731229, 1.561930, -1.036742, -0.741623, 0.784362, 1.561930, -1.036742, -0.741623, 0.784362, 1.561930, -1.036742, -0.741623, 0.784362, 1.561930, -1.058139, -0.741623, 0.784362, 1.592867, -1.058139, -0.583248, 0.837495, 1.561930, -1.058139
-0.741623, 0.784362, 1.561930, -1.036742, -0.741623, 0.784362, 1.561930, -1.036742, -0.741623, 0.784362, 1.561930, -1.058139, -0.741623, 0.784362, 1.592867, -1.058139, -0.583248, 0.837495, 1.561930, -1.058139, -0.583248, 0.837495, 1.561930, -1.058139
-0.741623, 0.784362, 1.561930, -1.036742, -0.741623, 0.784362, 1.561930, -1.058139, -0.741623, 0.784362, 1.592867, -1.058139, -0.583248, 0.837495, 1.561930, -1.058139, -0.583248, 0.837495, 1.561930, -1.058139, -0.583248, 0.837495, 1.592867, -1.058139
-0.741623, 0.784362, 1.561930, -1.058139, -0.741623, 0.784362, 1.592867, -1.058139, -0.583248, 0.837495, 1.561930, -1.058139, -0.583248, 0.837495, 1.561930, -1.058139, -0.583248, 0.837495, 1.592867, -1.058139, -0.424873, 0.890627, 1.592867, -1.058139
-0.741623, 0.784362, 1.592867, -1.058139, -0.583248, 0.837495, 1.561930, -1.058139, -0.583248, 0.837495, 1.561930, -1.058139, -0.583248, 0.837495, 1.592867, -1.058139, -0.424873, 0.890627, 1.592867, -1.058139, -0.424873, 0.890627, 1.592867, -1.058139
-0.583248, 0.837495, 1.561930, -1.058139, -0.583248, 0.837495, 1.561930, -1.058139, -0.583248, 0.837495, 1.592867, -1.058139, -0.424873, 0.890627, 1.592867, -1.058139, -0.424873, 0.890627, 1.592867, -1.058139, -0.424873, 0.890627, 1.592867, -1.058139
-0.583248, 0.837495, 1.561930, -1.058139, -0.583248, 0.837495, 1.592867, -1.058139, -0.424873, 0.890627, 1.592867, -1.058139, -0.424873, 0.890627, 1.592867, -1.058139, -0.424873, 0.890627, 1.592867, -1.058139, -0.266499, 0.890627, 1.592867, -1.058139
-0.583248, 0.837495, 1.592867, -1.058139, -0.424873, 0.890627, 1.592867, -1.058139, -0.424873, 0.890627, 1.592867, -1.058139, -0.424873, 0.890627, 1.592867, -1.058139, -0.266499, 0.890627, 1.592867, -1.058139, -0.266499, 0.890627, 1.592867, -1.058139
-0.424873, 0.890627, 1.592867, -1.058139, -0.424873, 0.890627, 1.592867, -1.058139, -0.424873, 0.890627, 1.592867, -1.058139, -0.266499, 0.890627, 1.592867, -1.058139, -0.266499, 0.890627, 1.592867, -1.058139, -0.266499, 0.890627, 1.592867, -1.058139
-0.424873, 0.890627, 1.592867, -1.058139, -0.424873, 0.890627, 1.592867, -1.058139, -0.266499, 0.890627, 1.592867, -1.058139, -0.266499, 0.890627, 1.592867, -1.058139, -0.266499, 0.890627, 1.592867, -1.058139, -0.266499, 0.890627, 1.592867, -1.058139
-0.424873, 0.890627, 1.592867, -1.058139, -0.266499, 0.890627, 1.592867, -1.058139, -0.266499, 0.890627, 1.592867, -1.058139, -0.266499, 0.890627, 1.592867, -1.058139, -0.266499, 0.890627, 1.592867, -1.058139, -0.108124, 0.890627, 1.592867, -1.036742
-0.266499, 0.890627, 1.592867, -1.058139, -0.266499, 0.890627, 1.592867, -1.058139, -0.266499, 0.890627, 1.592867, -1.058139, -0.266499, 0.890627, 1.592867, -1.058139, -0.108124, 0.890627, 1.592867, -1.036742, -0.108124, 0.890627, 1.592867, -1.036742
-0.266499, 0.890627, 1.592867, -1.058139, -0.266499, 0.890627, 1.592867, -1.058139, -0.266499, 0.890627, 1.592867, -1.058139, -0.108124, 0.890627, 1.592867, -1.036742, -0.108124, 0.890627, 1.592867, -1.036742, 0.050251, 0.943760, 1.592867, -1.036742
-0.266499, 0.890627, 1.592867, -1.058139, -0.266499, 0.890627, 1.592867, -1.058139, -0.108124, 0.890627, 1.592867, -1.036742, -0.108124, 0.890627, 1.592867, -1.036742, 0.050251, 0.943760, 1.592867, -1.036742, 0.050251, 0.943760, 1.592867, -1.015345
-0.266499, 0.890627, 1.592867, -1.058139, -0.108124, 0.890627, 1.592867, -1.036742, -0.108124, 0.890627, 1.592867, -1.036742, 0.050251, 0.943760, 1.592867, -1.036742, 0.050251, 0.943760, 1.592867, -1.015345, 0.208626, 0.943760, 1.592867, -0.993948
-0.108124, 0.890627, 1.592867, -1.036742, -0.108124, 0.890627, 1.592867, -1.036742, 0.050251, 0.943760, 1.592867, -1.036742, 0.050251, 0.943760, 1.592867, -1.015345, 0.208626, 0.943760, 1.592867, -0.993948, 0.208626, 0.943760, 1.592867, -0.993948
-0.108124, 0.890627, 1.592867, -1.036742, 0.050251, 0.943760, 1.592867, -1.036742, 0.050251, 0.943760, 1.592867, -1.015345, 0.208626, 0.943760, 1.592867, -0.993948, 0.208626, 0.943760, 1.592867, -0.993948, 0.208626, 0.943760, 1.592867, -0.972551
0.050251, 0.943760, 1.592867, -1.036742, 0.050251, 0.943760, 1.592867, -1.015345, 0.208626, 0.943760, 1.592867, -0.993948, 0.208626, 0.943760, 1.592867, -0.993948, 0.208626, 0.943760, 1.592867, -0.972551, 0.367001, 0.996893, 1.592867, -0.951154
0.050251, 0.943760, 1.592867, -1.015345, 0.208626, 0.943760, 1.592867, -0.993948, 0.208626, 0.943760, 1.592867, -0.993948, 0.208626, 0.943760, 1.592867, -0.972551, 0.367001, 0.996893, 1.592867, -0.951154, 0.367001, 0.996893, 1.592867, -0.929757
0.208626, 0.943760, 1.592867, -0.993948, 0.208626, 0.943760, 1.592867, -0.993948, 0.208626, 0.943760, 1.592867, -0.972551, 0.367001, 0.996893, 1.592867, -0.951154, 0.367001, 0.996893, 1.592867, -0.929757, 0.367001, 0.996893, 1.623805, -0.908360
0.208626, 0.943760, 1.592867, -0.993948, 0.208626, 0.943760, 1.592867, -0.972551, 0.367001, 0.996893, 1.592867, -0.951154, 0.367001, 0.996893, 1.592867, -0.929757, 0.367001, 0.996893, 1.623805, -0.908360, 0.367001, 0.996893, 1.592867, -0.886963
0.208626, 0.943760, 1.592867, -0.972551, 0.367001, 0.996893, 1.592867, -0.951154, 0.367001, 0.996893, 1.592867, -0.929757, 0.367001, 0.996893, 1.623805, -0.908360, 0.367001, 0.996893, 1.592867, -0.886963, 0.525376, 0.996893, 1.623805, -0.868990
0.367001, 0.996893, 1.592867, -0.951154, 0.367001, 0.996893, 1.592867, -0.929757, 0.367001, 0.996893, 1.623805, -0.908360, 0.367001, 0.996893, 1.592867, -0.886963, 0.525376, 0.996893, 1.623805, -0.868990, 0.683750, 0.996893, 1.623805, -0.833043
0.367001, 0.996893, 1.592867, -0.929757, 0.367001, 0.996893, 1.623805, -0.908360, 0.367001, 0.996893, 1.592867, -0.886963, 0.525376, 0.996893, 1.623805, -0.868990, 0.683750, 0.996893, 1.623805, -0.833043, 0.842125, 1.050025, 1.623805, -0.815069
0.367001, 0.996893, 1.623805, -0.908360, 0.367001, 0.996893, 1.592867, -0.886963, 0.525376, 0.996893, 1.623805, -0.868990, 0.683750, 0.996893, 1.623805, -0.833043, 0.842125, 1.050025, 1.623805, -0.815069, 1.000500, 1.103158, 1.623805, -0.779122
0.367001, 0.996893, 1.592867, -0.886963, 0.525376, 0.996893, 1.623805, -0.868990, 0.683750, 0.996893, 1.623805, -0.833043, 0.842125, 1.050025, 1.623805, -0.815069, 1.000500, 1.103158, 1.623805, -0.779122, 1.000500, 1.103158, 1.623805, -0.761149
0.525376, 0.996893, 1.623805, -0.868990, 0.683750, 0.996893, 1.623805, -0.833043, 0.842125, 1.050025, 1.623805, -0.815069, 1.000500, 1.103158, 1.623805, -0.779122, 1.000500, 1.103158, 1.623805, -0.761149, 1.158875, 1.103158, 1.623805, -0.725202
0.683750, 0.996893, 1.623805, -0.833043, 0.842125, 1.050025, 1.623805, -0.815069, 1.000500, 1.103158, 1.623805, -0.779122, 1.000500, 1.103158, 1.623805, -0.761149, 1.158875, 1.103158, 1.623805, -0.725202, 1.000500, 1.103158, 1.623805, -0.707229
0.842125, 1.050025, 1.623805, -0.815069, 1.000500, 1.103158, 1.623805, -0.779122, 1.000500, 1.103158, 1.623805, -0.761149, 1.158875, 1.103158, 1.623805, -0.725202, 1.000500, 1.103158, 1.623805, -0.707229, 0.683750, 0.996893, 1.623805, -0.689255
1.000500, 1.103158, 1.623805, -0.779122, 1.000500, 1.103158, 1.623805, -0.761149, 1.158875, 1.103158, 1.623805, -0.725202, 1.000500, 1.103158, 1.623805, -0.707229, 0.683750, 0.996893, 1.623805, -0.689255, 0.525376, 0.996893, 1.592867, -0.671282
1.000500, 1.103158, 1.623805, -0.761149, 1.158875, 1.103158, 1.623805, -0.725202, 1.000500, 1.103158, 1.623805, -0.707229, 0.683750, 0.996893, 1.623805, -0.689255, 0.525376, 0.996893, 1.592867, -0.671282, 0.367001, 0.996893, 1.592867, -0.653308
1.158875, 1.103158, 1.623805, -0.725202, 1.000500, 1.103158, 1.623805, -0.707229, 0.683750, 0.996893, 1.623805, -0.689255, 0.525376, 0.996893, 1.592867, -0.671282, 0.367001, 0.996893, 1.592867, -0.653308, 0.367001, 0.996893, 1.592867, -0.635335
1.000500, 1.103158, 1.623805, -0.707229, 0.683750, 0.996893, 1.623805, -0.689255, 0.525376, 0.996893, 1.592867, -0.671282, 0.367001, 0.996893, 1.592867, -0.653308, 0.367001, 0.996893, 1.592867, -0.635335, 0.208626, 0.943760, 1.592867, -0.617361
0.683750, 0.996893, 1.623805, -0.689255, 0.525376, 0.996893, 1.592867, -0.671282, 0.367001, 0.996893, 1.592867, -0.653308, 0.367001, 0.996893, 1.592867, -0.635335, 0.208626, 0.943760, 1.592867, -0.617361, 0.208626, 0.943760, 1.623805, -0.581415
0.525376, 0.996893, 1.592867, -0.671282, 0.367001, 0.996893, 1.592867, -0.653308, 0.367001, 0.996893, 1.592867, -0.635335, 0.208626, 0.943760, 1.592867, -0.617361, 0.208626, 0.943760, 1.623805, -0.581415, 0.367001, 0.996893, 1.592867, -0.563441
0.367001, 0.996893, 1.592867, -0.653308, 0.367001, 0.996893, 1.592867, -0.635335, 0.208626, 0.943760, 1.592867, -0.617361, 0.208626, 0.943760, 1.623805, -0.581415, 0.367001, 0.996893, 1.592867, -0.563441, 0.367001, 0.996893, 1.623805, -0.522359
0.367001, 0.996893, 1.592867, -0.635335, 0.208626, 0.943760, 1.592867, -0.617361, 0.208626, 0.943760, 1.623805, -0.581415, 0.367001, 0.996893, 1.592867, -0.563441, 0.367001, 0.996893, 1.623805, -0.522359, 0.683750, 0.996893, 1.623805, -0.502246
0.208626, 0.943760, 1.592867, -0.617361, 0.208626, 0.943760, 1.623805, -0.581415, 0.367001, 0.996893, 1.592867, -0.563441, 0.367001, 0.996893, 1.623805, -0.522359, 0.683750, 0.996893, 1.623805, -0.502246, 1.000500, 1.103158, 1.623805, -0.461164
0.208626, 0.943760, 1.623805, -0.581415, 0.367001, 0.996893, 1.592867, -0.563441, 0.367001, 0.996893, 1.623805, -0.522359, 0.683750, 0.996893, 1.623805, -0.502246, 1.000500, 1.103158, 1.623805, -0.461164, 1.000500, 1.103158, 1.623805, -0.420510
0.367001, 0.996893, 1.592867, -0.563441, 0.367001, 0.996893, 1.623805, -0.522359, 0.683750, 0.996893, 1.623805, -0.502246, 1.000500, 1.103158, 1.623805, -0.461164, 1.000500, 1.103158, 1.623805, -0.420510, 1.158875, 1.103158, 1.623805, -0.379855
0.367001, 0.996893, 1.623805, -0.522359, 0.683750, 0.996893, 1.623805, -0.502246, 1.000500, 1.103158, 1.623805, -0.461164, 1.000500, 1.103158, 1.623805, -0.420510, 1.158875, 1.103158, 1.623805, -0.379855, 1.158875, 0.943760, 1.623805, -0.359314
0.683750, 0.996893, 1.623805, -0.502246, 1.000500, 1.103158, 1.623805, -0.461164, 1.000500, 1.103158, 1.623805, -0.420510, 1.158875, 1.103158, 1.623805, -0.379855, 1.158875, 0.943760, 1.623805, -0.359314, 0.842125, 1.050025, 1.623805, -0.318232
1.000500, 1.103158, 1.623805, -0.461164, 1.000500, 1.103158, 1.623805, -0.420510, 1.158875, 1.103158, 1.623805, -0.379855, 1.158875, 0.943760, 1.623805, -0.359314, 0.842125, 1.050025, 1.623805, -0.318232, 0.842125, 1.050025, 1.623805, -0.277578
1.000500, 1.103158, 1.623805, -0.420510, 1.158875, 1.103158, 1.623805, -0.379855, 1.158875, 0.943760, 1.623805, -0.359314, 0.842125, 1.050025, 1.623805, -0.318232, 0.842125, 1.050025, 1.623805, -0.277578, 0.842125, 1.050025, 1.623805, -0.238208
1.158875, 1.103158, 1.623805, -0.379855, 1.158875, 0.943760, 1.623805, -0.359314, 0.842125, 1.050025, 1.623805, -0.318232, 0.842125, 1.050025, 1.623805, -0.277578, 0.842125, 1.050025, 1.623805, -0.238208, 0.683750, 0.996893, 1.623805, -0.199693
1.158875, 0.943760, 1.623805, -0.359314, 0.842125, 1.050025, 1.623805, -0.318232, 0.842125, 1.050025, 1.623805, -0.277578, 0.842125, 1.050025, 1.623805, -0.238208, 0.683750, 0.996893, 1.623805, -0.199693, 0.367001, 0.996893, 1.592867, -0.180436
0.842125, 1.050025, 1.623805, -0.318232, 0.842125, 1.050025, 1.623805, -0.277578, 0.842125, 1.050025, 1.623805, -0.238208, 0.683750, 0.996893, 1.623805, -0.199693, 0.367001, 0.996893, 1.592867, -0.180436, 0.208626, 0.943760, 1.592867, -0.142349
0.842125, 1.050025, 1.623805, -0.277578, 0.842125, 1.050025, 1.623805, -0.238208, 0.683750, 0.996893, 1.623805, -0.199693, 0.367001, 0.996893, 1.592867, -0.180436, 0.208626, 0.943760, 1.592867, -0.142349, 0.208626, 0.943760, 1.592867, -0.123092
0.842125, 1.050025, 1.623805, -0.238208, 0.683750, 0.996893, 1.623805, -0.199693, 0.367001, 0.996893, 1.592867, -0.180436, 0.208626, 0.943760, 1.592867, -0.142349, 0.208626, 0.943760, 1.592867, -0.123092, -0.108124, 0.890627, 1.592867, -0.104263
0.683750, 0.996893, 1.623805, -0.199693, 0.367001, 0.996893, 1.592867, -0.180436, 0.208626, 0.943760, 1.592867, -0.142349, 0.208626, 0.943760, 1.592867, -0.123092, -0.108124, 0.890627, 1.592867, -0.104263, -0.108124, 0.890627, 1.592867, -0.065748
0.367001, 0.996893, 1.592867, -0.180436, 0.208626, 0.943760, 1.592867, -0.142349, 0.208626, 0.943760, 1.592867, -0.123092, -0.108124, 0.890627, 1.592867, -0.104263, -0.108124, 0.890627, 1.592867, -0.065748, -0.108124, 0.890627, 1.561930, -0.046491
0.208626, 0.943760, 1.592867, -0.142349, 0.208626, 0.943760, 1.592867, -0.123092, -0.108124, 0.890627, 1.592867, -0.104263, -0.108124, 0.890627, 1.592867, -0.065748, -0.108124, 0.890627, 1.561930, -0.046491, -0.424873, 0.890627, 1.561930, -0.027662
0.208626, 0.943760, 1.592867, -0.123092, -0.108124, 0.890627, 1.592867, -0.104263, -0.108124, 0.890627, 1.592867, -0.065748, -0.108124, 0.890627, 1.561930, -0.046491, -0.424873, 0.890627, 1.561930, -0.027662, -0.583248, 0.837495, 1.561930, -0.008404
-0.108124, 0.890627, 1.592867, -0.104263, -0.108124, 0.890627, 1.592867, -0.065748, -0.108124, 0.890627, 1.561930, -0.046491, -0.424873, 0.890627, 1.561930, -0.027662, -0.583248, 0.837495, 1.561930, -0.008404, -0.583248, 0.810928, 1.283494, 0.010853
-0.108124, 0.890627, 1.592867, -0.065748, -0.108124, 0.890627, 1.561930, -0.046491, -0.424873, 0.890627, 1.561930, -0.027662, -0.583248, 0.837495, 1.561930, -0.008404, -0.583248, 0.810928, 1.283494, 0.010853, -0.583248, 0.784362, -0.541809, 0.030110
-0.108124, 0.890627, 1.561930, -0.046491, -0.424873, 0.890627, 1.561930, -0.027662, -0.583248, 0.837495, 1.561930, -0.008404, -0.583248, 0.810928, 1.283494, 0.010853, -0.583248, 0.784362, -0.541809, 0.030110, -0.266499, 0.890627, -0.758371, 0.048940
-0.424873, 0.890627, 1.561930, -0.027662, -0.583248, 0.837495, 1.561930, -0.008404, -0.583248, 0.810928, 1.283494, 0.010853, -0.583248, 0.784362, -0.541809, 0.030110, -0.266499, 0.890627, -0.758371, 0.048940, -0.424873, 0.890627, -0.758371, 0.080607
-0.583248, 0.837495, 1.561930, -0.008404, -0.583248, 0.810928, 1.283494, 0.010853, -0.583248, 0.784362, -0.541809, 0.030110, -0.266499, 0.890627, -0.758371, 0.048940, -0.424873, 0.890627, -0.758371, 0.080607, -0.266499, 0.890627, -0.758371, 0.096441
-0.583248, 0.810928, 1.283494, 0.010853, -0.583248, 0.784362, -0.541809, 0.030110, -0.266499, 0.890627, -0.758371, 0.048940, -0.424873, 0.890627, -0.758371, 0.080607, -0.266499, 0.890627, -0.758371, 0.096441, -0.424873, 0.890627, -0.758371, 0.112275
-0.583248, 0.784362, -0.541809, 0.030110, -0.266499, 0.890627, -0.758371, 0.048940, -0.424873, 0.890627, -0.758371, 0.080607, -0.266499, 0.890627, -0.758371, 0.096441, -0.424873, 0.890627, -0.758371, 0.112275, -0.424873, 0.890627, -0.758371, 0.128108
-0.266499, 0.890627, -0.758371, 0.048940, -0.424873, 0.890627, -0.758371, 0.080607, -0.266499, 0.890627, -0.758371, 0.096441, -0.424873, 0.890627, -0.758371, 0.112275, -0.424873, 0.890627, -0.758371, 0.128108, -0.583248, 0.837495, -0.758371, 0.143942
-0.424873, 0.890627, -0.758371, 0.080607, -0.266499, 0.890627, -0.758371, 0.096441, -0.424873, 0.890627, -0.758371, 0.112275, -0.424873, 0.890627, -0.758371, 0.128108, -0.583248, 0.837495, -0.758371, 0.143942, -0.741623, 0.784362, -0.758371, 0.159348
-0.266499, 0.890627, -0.758371, 0.096441, -0.424873, 0.890627, -0.758371, 0.112275, -0.424873, 0.890627, -0.758371, 0.128108, -0.583248, 0.837495, -0.758371, 0.143942, -0.741623, 0.784362, -0.758371, 0.159348, -0.583248, 0.837495, -0.758371, 0.175182
-0.424873, 0.890627, -0.758371, 0.112275, -0.424873, 0.890627, -0.758371, 0.128108, -0.583248, 0.837495, -0.758371, 0.143942, -0.741623, 0.784362, -0.758371, 0.159348, -0.583248, 0.837495, -0.758371, 0.175182, -0.424873, 0.890627, -0.758371, 0.191015
-0.424873, 0.890627, -0.758371, 0.128108, -0.583248, 0.837495, -0.758371, 0.143942, -0.741623, 0.784362, -0.758371, 0.159348, -0.583248, 0.837495, -0.758371, 0.175182, -0.424873, 0.890627, -0.758371, 0.191015, -0.583248, 0.837495, -0.758371, 0.206849
-0.583248, 0.837495, -0.758371, 0.143942, -0.741623, 0.784362, -0.758371, 0.159348, -0.583248, 0.837495, -0.758371, 0.175182, -0.424873, 0.890627, -0.758371, 0.191015, -0.583248, 0.837495, -0.758371, 0.206849, -0.583248, 0.837495, -0.758371, 0.222683
-0.741623, 0.784362, -0.758371, 0.159348, -0.583248, 0.837495, -0.758371, 0.175182, -0.424873, 0.890627, -0.758371, 0.191015, -0.583248, 0.837495, -0.758371, 0.206849, -0.583248, 0.837495, -0.758371, 0.222683, -0.583248, 0.837495, -0.758371, 0.238517
-0.583248, 0.837495, -0.758371, 0.175182, -0.424873, 0.890627, -0.758371, 0.191015, -0.583248, 0.837495, -0.758371, 0.206849, -0.583248, 0.837495, -0.758371, 0.222683, -0.583248, 0.837495, -0.758371, 0.238517, -0.583248, 0.837495, -0.758371, 0.254350
-0.424873, 0.890627, -0.758371, 0.191015, -0.583248, 0.837495, -0.758371, 0.206849, -0.583248, 0.837495, -0.758371, 0.222683, -0.583248, 0.837495, -0.758371, 0.238517, -0.583248, 0.837495, -0.758371, 0.254350, -0.583248, 0.837495, -0.758371, 0.270184
-0.583248, 0.837495, -0.758371, 0.206849, -0.583248, 0.837495, -0.758371, 0.222683, -0.583248, 0.837495, -0.758371, 0.238517, -0.583248, 0.837495, -0.758371, 0.254350, -0.583248, 0.837495, -0.758371, 0.270184, -0.583248, 0.837495, -0.758371, 0.285590
-0.583248, 0.837495, -0.758371, 0.222683, -0.583248, 0.837495, -0.758371, 0.238517, -0.583248, 0.837495, -0.758371, 0.254350, -0.583248, 0.837495, -0.758371, 0.270184, -0.583248, 0.837495, -0.758371, 0.285590, -0.583248, 0.837495, -0.758371, 0.301424
-0.583248, 0.837495, -0.758371, 0.238517, -0.583248, 0.837495, -0.758371, 0.254350, -0.583248, 0.837495, -0.758371, 0.270184, -0.583248, 0.837495, -0.758371, 0.285590, -0.583248, 0.837495, -0.758371, 0.301424, -0.583248, 0.837495, -0.758371, 0.317257
-0.583248, 0.837495, -0.758371, 0.254350, -0.583248, 0.837495, -0.758371, 0.270184, -0.583248, 0.837495, -0.758371, 0.285590, -0.583248, 0.837495, -0.758371, 0.301424, -0.583248, 0.837495, -0.758371, 0.317257, -0.583248, 0.837495, -0.758371, 0.333091
-0.583248, 0.837495, -0.758371, 0.270184, -0.583248, 0.837495, -0.758371, 0.285590, -0.583248, 0.837495, -0.758371, 0.301424, -0.583248, 0.837495, -0.758371, 0.317257, -0.583248, 0.837495, -0.758371, 0.333091, -0.583248, 0.837495, -0.758371, 0.348925
-0.583248, 0.837495, -0.758371, 0.285590, -0.583248, 0.837495, -0.758371, 0.301424, -0.583248, 0.837495, -0.758371, 0.317257, -0.583248, 0.837495, -0.758371, 0.333091, -0.583248, 0.837495, -0.758371, 0.348925, -0.583248, 0.837495, -0.758371, 0.348925
-0.583248, 0.837495, -0.758371, 0.301424, -0.583248, 0.837495, -0.758371, 0.317257, -0.583248, 0.837495, -0.758371, 0.333091, -0.583248, 0.837495, -0.758371, 0.348925, -0.583248, 0.837495, -0.758371, 0.348925, -0.741623, 0.784362, -0.758371, 0.364759
-0.583248, 0.837495, -0.758371, 0.317257, -0.583248, 0.837495, -0.758371, 0.333091, -0.583248, 0.837495, -0.758371, 0.348925, -0.583248, 0.837495, -0.758371, 0.348925, -0.741623, 0.784362, -0.758371, 0.364759, -0.741623, 0.784362, -0.758371, 0.380592
-0.583248, 0.837495, -0.758371, 0.333091, -0.583248, 0.837495, -0.758371, 0.348925, -0.583248, 0.837495, -0.758371, 0.348925, -0.741623, 0.784362, -0.758371, 0.364759, -0.741623, 0.784362, -0.758371, 0.380592, -0.741623, 0.784362, -0.758371, 0.380592
-0.583248, 0.837495, -0.758371, 0.348925, -0.583248, 0.837495, -0.758371, 0.348925, -0.741623, 0.784362, -0.758371, 0.364759, -0.741623, 0.784362, -0.758371, 0.380592, -0.741623, 0.784362, -0.758371, 0.380592, -0.741623, 0.306168, -0.758371, 0.396426
-0.583248, 0.837495, -0.758371, 0.348925, -0.741623, 0.784362, -0.758371, 0.364759, -0.741623, 0.784362, -0.758371, 0.380592, -0.741623, 0.784362, -0.758371, 0.380592, -0.741623, 0.306168, -0.758371, 0.396426, -0.741623, 0.784362, -0.758371, 0.412260
-0.741623, 0.784362, -0.758371, 0.364759, -0.741623, 0.784362, -0.758371, 0.380592, -0.741623, 0.784362, -0.758371, 0.380592, -0.741623, 0.306168, -0.758371, 0.396426, -0.741623, 0.784362, -0.758371, 0.412260, -0.741623, 0.784362, -0.758371, 0.427666
-0.741623, 0.784362, -0.758371, 0.380592, -0.741623, 0.784362, -0.758371, 0.380592, -0.741623, 0.306168, -0.758371, 0.396426, -0.741623, 0.784362, -0.758371, 0.412260, -0.741623, 0.784362, -0.758371, 0.427666, -0.741623, 0.784362, -0.758371, 0.427666
-0.741623, 0.784362, -0.758371, 0.380592, -0.741623, 0.306168, -0.758371, 0.396426, -0.741623, 0.784362, -0.758371, 0.412260, -0.741623, 0.784362, -0.758371, 0.427666, -0.741623, 0.784362, -0.758371, 0.427666, -0.741623, 0.784362, -0.758371, 0.443499
-0.741623, 0.306168, -0.758371, 0.396426, -0.741623, 0.784362, -0.758371, 0.412260, -0.741623, 0.784362, -0.758371, 0.427666, -0.741623, 0.784362, -0.758371, 0.427666, -0.741623, 0.784362, -0.758371, 0.443499, -0.741623, 0.784362, -0.758371, 0.443499
-0.741623, 0.784362, -0.758371, 0.412260, -0.741623, 0.784362, -0.758371, 0.427666, -0.741623, 0.784362, -0.758371, 0.427666, -0.741623, 0.784362, -0.758371, 0.443499, -0.741623, 0.784362, -0.758371, 0.443499, -0.741623, 0.784362, -0.758371, 0.458049
-0.741623, 0.784362, -0.758371, 0.427666, -0.741623, 0.784362, -0.758371, 0.427666, -0.741623, 0.784362, -0.758371, 0.443499, -0.741623, 0.784362, -0.758371, 0.443499, -0.741623, 0.784362, -0.758371, 0.458049, -0.741623, 0.784362, -0.758371, 0.465324
-0.741623, 0.784362, -0.758371, 0.427666, -0.741623, 0.784362, -0.758371, 0.443499, -0.741623, 0.784362, -0.758371, 0.443499, -0.741623, 0.784362, -0.758371, 0.458049, -0.741623, 0.784362, -0.758371, 0.465324, -0.741623, 0.784362, -0.758371, 0.472599
-0.741623, 0.784362, -0.758371, 0.443499, -0.741623, 0.784362, -0.758371, 0.443499, -0.741623, 0.784362, -0.758371, 0.458049, -0.741623, 0.784362, -0.758371, 0.465324, -0.741623, 0.784362, -0.758371, 0.472599, -0.741623, 0.784362, -0.758371, 0.479446
-0.741623, 0.784362, -0.758371, 0.443499, -0.741623, 0.784362, -0.758371, 0.458049, -0.741623, 0.784362, -0.758371, 0.465324, -0.741623, 0.784362, -0.758371, 0.472599, -0.741623, 0.784362, -0.758371, 0.479446, -0.899998, 0.731229, -0.758371, 0.486721
-0.741623, 0.784362, -0.758371, 0.458049, -0.741623, 0.784362, -0.758371, 0.465324, -0.741623, 0.784362, -0.758371, 0.472599, -0.741623, 0.784362, -0.758371, 0.479446, -0.899998, 0.731229, -0.758371, 0.486721, -0.899998, 0.731229, -0.758371, 0.493996
-0.741623, 0.784362, -0.758371, 0.465324, -0.741623, 0.784362, -0.758371, 0.472599, -0.741623, 0.784362, -0.758371, 0.479446, -0.899998, 0.731229, -0.758371, 0.486721, -0.899998, 0.731229, -0.758371, 0.493996, -0.741623, 0.784362, -0.758371, 0.501271
-0.741623, 0.784362, -0.758371, 0.472599, -0.741623, 0.784362, -0.758371, 0.479446, -0.899998, 0.731229, -0.758371, 0.486721, -0.899998, 0.731229, -0.758371, 0.493996, -0.741623, 0.784362, -0.758371, 0.501271, -0.741623, 0.784362, -0.758371, 0.504909
-0.741623, 0.784362, -0.758371, 0.479446, -0.899998, 0.731229, -0.758371, 0.486721, -0.899998, 0.731229, -0.758371, 0.493996, -0.741623, 0.784362, -0.758371, 0.501271, -0.741623, 0.784362, -0.758371, 0.504909, -0.741623, 0.784362, -0.758371, 0.508546
-0.899998, 0.731229, -0.758371, 0.486721, -0.899998, 0.731229, -0.758371, 0.493996, -0.741623, 0.784362, -0.758371, 0.501271, -0.741623, 0.784362, -0.758371, 0.504909, -0.741623, 0.784362, -0.758371, 0.508546, -0.899998, 0.731229, -0.758371, 0.515821
-0.899998, 0.731229, -0.758371, 0.493996, -0.741623, 0.784362, -0.758371, 0.501271, -0.741623, 0.784362, -0.758371, 0.504909, -0.741623, 0.784362, -0.758371, 0.508546, -0.899998, 0.731229, -0.758371, 0.515821, -0.899998, 0.731229, -0.758371, 0.523096
-0.741623, 0.784362, -0.758371, 0.501271, -0.741623, 0.784362, -0.758371, 0.504909, -0.741623, 0.784362, -0.758371, 0.508546, -0.899998, 0.731229, -0.758371, 0.515821, -0.899998, 0.731229, -0.758371, 0.523096, -0.741623, 0.784362, -0.758371, 0.523096
-0.741623, 0.784362, -0.758371, 0.504909, -0.741623, 0.784362, -0.758371, 0.508546, -0.899998, 0.731229, -0.758371, 0.515821, -0.899998, 0.731229, -0.758371, 0.523096, -0.741623, 0.784362, -0.758371, 0.523096, -0.899998, 0.731229, -0.758371, 0.529943
-0.741623, 0.784362, -0.758371, 0.508546, -0.899998, 0.731229, -0.758371, 0.515821, -0.899998, 0.731229, -0.758371, 0.523096, -0.741623, 0.784362, -0.758371, 0.523096, -0.899998, 0.731229, -0.758371, 0.529943, -0.899998, 0.731229, -0.758371, 0.537218
-0.899998, 0.731229, -0.758371, 0.515821, -0.899998, 0.731229, -0.758371, 0.523096, -0.741623, 0.784362, -0.758371, 0.523096, -0.899998, 0.731229, -0.758371, 0.529943, -0.899998, 0.731229, -0.758371, 0.537218, -0.899998, 0.731229, -0.758371, 0.537218
-0.899998, 0.731229, -0.758371, 0.523096, -0.741623, 0.784362, -0.758371, 0.523096, -0.899998, 0.731229, -0.758371, 0.529943, -0.899998, 0.731229, -0.758371, 0.537218, -0.899998, 0.731229, -0.758371, 0.537218, -0.899998, 0.731229, -0.758371, 0.544493
-0.741623, 0.784362, -0.758371, 0.523096, -0.899998, 0.731229, -0.758371, 0.529943, -0.899998, 0.731229, -0.758371, 0.537218, -0.899998, 0.731229, -0.758371, 0.537218, -0.899998, 0.731229, -0.758371, 0.544493, -0.899998, 0.731229, -0.758371, 0.544493
-0.899998, 0.731229, -0.758371, 0.529943, -0.899998, 0.731229, -0.758371, 0.537218, -0.899998, 0.731229, -0.758371, 0.537218, -0.899998, 0.731229, -0.758371, 0.544493, -0.899998, 0.731229, -0.758371, 0.544493, -0.899998, 0.731229, -0.758371, 0.551768
-0.899998, 0.731229, -0.758371, 0.537218, -0.899998, 0.731229, -0.758371, 0.537218, -0.899998, 0.731229, -0.758371, 0.544493, -0.899998, 0.731229, -0.758371, 0.544493, -0.899998, 0.731229, -0.758371, 0.551768, -0.899998, 0.731229, -0.758371, 0.551768
-0.899998, 0.731229, -0.758371, 0.537218, -0.899998, 0.731229, -0.758371, 0.544493, -0.899998, 0.731229, -0.758371, 0.544493, -0.899998, 0.731229, -0.758371, 0.551768, -0.899998, 0.731229, -0.758371, 0.551768, -0.899998, 0.731229, -0.758371, 0.559043
-0.899998, 0.731229, -0.758371, 0.544493, -0.899998, 0.731229, -0.758371, 0.544493, -0.899998, 0.731229, -0.758371, 0.551768, -0.899998, 0.731229, -0.758371, 0.551768, -0.899998, 0.731229, -0.758371, 0.559043, -0.899998, 0.731229, -0.758371, 0.559043
-0.899998, 0.731229, -0.758371, 0.544493, -0.899998, 0.731229, -0.758371, 0.551768, -0.899998, 0.731229, -0.758371, 0.551768, -0.899998, 0.731229, -0.758371, 0.559043, -0.899998, 0.731229, -0.758371, 0.559043, -0.899998, 0.731229, -0.758371, 0.559043
-0.899998, 0.731229, -0.758371, 0.551768, -0.899998, 0.731229, -0.758371, 0.551768, -0.899998, 0.731229, -0.758371, 0.559043, -0.899998, 0.731229, -0.758371, 0.559043, -0.899998, 0.731229, -0.758371, 0.559043, -1.058373, 0.731229, -0.758371, 0.566318
-0.899998, 0.731229, -0.758371, 0.551768, -0.899998, 0.731229, -0.758371, 0.559043, -0.899998, 0.731229, -0.758371, 0.559043, -0.899998, 0.731229, -0.758371, 0.559043, -1.058373, 0.731229, -0.758371, 0.566318, -1.058373, 0.731229, -0.758371, 0.566318
-0.899998, 0.731229, -0.758371, 0.559043, -0.899998, 0.731229, -0.758371, 0.559043, -0.899998, 0.731229, -0.758371, 0.559043, -1.058373, 0.731229, -0.758371, 0.566318, -1.058373, 0.731229, -0.758371, 0.566318, -1.058373, 0.731229, -0.758371, 0.566318
-0.899998, 0.731229, -0.758371, 0.559043, -0.899998, 0.731229, -0.758371, 0.559043, -1.058373, 0.731229, -0.758371, 0.566318, -1.058373, 0.731229, -0.758371, 0.566318, -1.058373, 0.731229, -0.758371, 0.566318, -1.375122, 0.731229, -0.758371, 0.566318
-0.899998, 0.731229, -0.758371, 0.559043, -1.058373, 0.731229, -0.758371, 0.566318, -1.058373, 0.731229, -0.758371, 0.566318, -1.058373, 0.731229, -0.758371, 0.566318, -1.375122, 0.731229, -0.758371, 0.566318, -1.533497, 0.731229, -0.758371, 0.573165
-1.058373, 0.731229, -0.758371, 0.566318, -1.058373, 0.731229, -0.758371, 0.566318, -1.058373, 0.731229, -0.758371, 0.566318, -1.375122, 0.731229, -0.758371, 0.566318, -1.533497, 0.731229, -0.758371, 0.573165, -1.375122, 0.731229, -0.758371, 0.573165
-1.058373, 0.731229, -0.758371, 0.566318, -1.058373, 0.731229, -0.758371, 0.566318, -1.375122, 0.731229, -0.758371, 0.566318, -1.533497, 0.731229, -0.758371, 0.573165, -1.375122, 0.731229, -0.758371, 0.573165, -1.533497, 0.093637, -0.758371, 0.573165
-1.058373, 0.731229, -0.758371, 0.566318, -1.375122, 0.731229, -0.758371, 0.566318, -1.533497, 0.731229, -0.758371, 0.573165, -1.375122, 0.731229, -0.758371, 0.573165, -1.533497, 0.093637, -0.758371, 0.573165, -1.533497, 0.731229, -0.758371, 0.573165
-1.375122, 0.731229, -0.758371, 0.566318, -1.533497, 0.731229, -0.758371, 0.573165, -1.375122, 0.731229, -0.758371, 0.573165, -1.533497, 0.093637, -0.758371, 0.573165, -1.533497, 0.731229, -0.758371, 0.573165, -1.375122, 0.731229, -0.758371, 0.573165
-1.533497, 0.731229, -0.758371, 0.573165, -1.375122, 0.731229, -0.758371, 0.573165, -1.533497, 0.093637, -0.758371, 0.573165, -1.533497, 0.731229, -0.758371, 0.573165, -1.375122, 0.731229, -0.758371, 0.573165, -1.533497, 0.731229, -0.758371, 0.566318
-1.375122, 0.731229, -0.758371, 0.573165, -1.533497, 0.093637, -0.758371, 0.573165, -1.533497, 0.731229, -0.758371, 0.573165, -1.375122, 0.731229, -0.758371, 0.573165, -1.533497, 0.731229, -0.758371, 0.566318, -1.533497, 0.731229, -0.758371, 0.573165
-1.533497, 0.093637, -0.758371, 0.573165, -1.533497, 0.731229, -0.758371, 0.573165, -1.375122, 0.731229, -0.758371, 0.573165, -1.533497, 0.731229, -0.758371, 0.566318, -1.533497, 0.731229, -0.758371, 0.573165, -1.533497, 0.731229, -0.758371, 0.566318
-1.533497, 0.731229, -0.758371, 0.573165, -1.375122, 0.731229, -0.758371, 0.573165, -1.533497, 0.731229, -0.758371, 0.566318, -1.533497, 0.731229, -0.758371, 0.573165, -1.533497, 0.731229, -0.758371, 0.566318, -1.533497, 0.731229, -0.758371, 0.566318
-1.375122, 0.731229, -0.758371, 0.573165, -1.533497, 0.731229, -0.758371, 0.566318, -1.533497, 0.731229, -0.758371, 0.573165, -1.533497, 0.731229, -0.758371, 0.566318, -1.533497, 0.731229, -0.758371, 0.566318, -1.375122, 0.731229, -0.758371, 0.566318
-1.533497, 0.731229, -0.758371, 0.566318, -1.533497, 0.731229, -0.758371, 0.573165, -1.533497, 0.731229, -0.758371, 0.566318, -1.533497, 0.731229, -0.758371, 0.566318, -1.375122, 0.731229, -0.758371, 0.566318, -1.375122, 0.731229, -0.758371, 0.566318
-1.533497, 0.731229, -0.758371, 0.573165, -1.533497, 0.731229, -0.758371, 0.566318, -1.533497, 0.731229, -0.758371, 0.566318, -1.375122, 0.731229, -0.758371, 0.566318, -1.375122, 0.731229, -0.758371, 0.566318, -1.216748, 0.731229, -0.758371, 0.566318
-1.533497, 0.731229, -0.758371, 0.566318, -1.533497, 0.731229, -0.758371, 0.566318, -1.375122, 0.731229, -0.758371, 0.566318, -1.375122, 0.731229, -0.758371, 0.566318, -1.216748, 0.731229, -0.758371, 0.566318, -1.216748, 0.731229, -0.758371, 0.566318
-1.533497, 0.731229, -0.758371, 0.566318, -1.375122, 0.731229, -0.758371, 0.566318, -1.375122, 0.731229, -0.758371, 0.566318, -1.216748, 0.731229, -0.758371, 0.566318, -1.216748, 0.731229, -0.758371, 0.566318, -1.216748, 0.731229, -0.758371, 0.559043
-1.375122, 0.731229, -0.758371, 0.566318, -1.375122, 0.731229, -0.758371, 0.566318, -1.216748, 0.731229, -0.758371, 0.566318, -1.216748, 0.731229, -0.758371, 0.566318, -1.216748, 0.731229, -0.758371, 0.559043, -1.216748, 0.731229, -0.758371, 0.559043
-1.375122, 0.731229, -0.758371, 0.566318, -1.216748, 0.731229, -0.758371, 0.566318, -1.216748, 0.731229, -0.758371, 0.566318, -1.216748, 0.731229, -0.758371, 0.559043, -1.216748, 0.731229, -0.758371, 0.559043, -1.216748, 0.731229, -0.758371, 0.559043
-1.216748, 0.731229, -0.758371, 0.566318, -1.216748, 0.731229, -0.758371, 0.566318, -1.216748, 0.731229, -0.758371, 0.559043, -1.216748, 0.731229, -0.758371, 0.559043, -1.216748, 0.731229, -0.758371, 0.559043, -1.533497, 0.731229, -0.758371, 0.559043
-1.216748, 0.731229, -0.758371, 0.566318, -1.216748, 0.731229, -0.758371, 0.559043, -1.216748, 0.731229, -0.758371, 0.559043, -1.216748, 0.731229, -0.758371, 0.559043, -1.533497, 0.731229, -0.758371, 0.559043, -1.691872, 0.571831, -0.758371, 0.559043
-1.216748, 0.731229, -0.758371, 0.559043, -1.216748, 0.731229, -0.758371, 0.559043, -1.216748, 0.731229, -0.758371, 0.559043, -1.533497, 0.731229, -0.758371, 0.559043, -1.691872, 0.571831, -0.758371, 0.559043, -1.691872, 0.731229, -0.758371, 0.551768
-1.216748, 0.731229, -0.758371, 0.559043, -1.216748, 0.731229, -0.758371, 0.559043, -1.533497, 0.731229, -0.758371, 0.559043, -1.691872, 0.571831, -0.758371, 0.559043, -1.691872, 0.731229, -0.758371, 0.551768, -1.691872, 0.731229, -0.758371, 0.551768
-1.216748, 0.731229, -0.758371, 0.559043, -1.533497, 0.731229, -0.758371, 0.559043, -1.691872, 0.571831, -0.758371, 0.559043, -1.691872, 0.731229, -0.758371, 0.551768, -1.691872, 0.731229, -0.758371, 0.551768, -1.533497, 0.146770, -0.758371, 0.551768
-1.533497, 0.731229, -0.758371, 0.559043, -1.691872, 0.571831, -0.758371, 0.559043, -1.691872, 0.731229, -0.758371, 0.551768, -1.691872, 0.731229, -0.758371, 0.551768, -1.533497, 0.146770, -0.758371, 0.551768, -1.216748, 0.731229, -0.758371, 0.544493
-1.691872, 0.571831, -0.758371, 0.559043, -1.691872, 0.731229, -0.758371, 0.551768, -1.691872, 0.731229, -0.758371, 0.551768, -1.533497, 0.146770, -0.758371, 0.551768, -1.216748, 0.731229, -0.758371, 0.544493, -1.216748, 0.731229, -0.758371, 0.544493
-1.691872, 0.731229, -0.758371, 0.551768, -1.691872, 0.731229, -0.758371, 0.551768, -1.533497, 0.146770, -0.758371, 0.551768, -1.216748, 0.731229, -0.758371, 0.544493, -1.216748, 0.731229, -0.758371, 0.544493, -1.216748, 0.731229, -0.758371, 0.537218
-1.691872, 0.731229, -0.758371, 0.551768, -1.533497, 0.146770, -0.758371, 0.551768, -1.216748, 0.731229, -0.758371, 0.544493, -1.216748, 0.731229, -0.758371, 0.544493, -1.216748, 0.731229, -0.758371, 0.537218, -1.216748, 0.731229, -0.758371, 0.537218
-1.533497, 0.146770, -0.758371, 0.551768, -1.216748, 0.731229, -0.758371, 0.544493, -1.216748, 0.731229, -0.758371, 0.544493, -1.216748, 0.731229, -0.758371, 0.537218, -1.216748, 0.731229, -0.758371, 0.537218, -1.216748, 0.731229, -0.758371, 0.537218
-1.216748, 0.731229, -0.758371, 0.544493, -1.216748, 0.731229, -0.758371, 0.544493, -1.216748, 0.731229, -0.758371, 0.537218, -1.216748, 0.731229, -0.758371, 0.537218, -1.216748, 0.731229, -0.758371, 0.537218, -1.058373, 0.518699, -0.758371, 0.529943
-1.216748, 0.731229, -0.758371, 0.544493, -1.216748, 0.731229, -0.758371, 0.537218, -1.216748, 0.731229, -0.758371, 0.537218, -1.216748, 0.731229, -0.758371, 0.537218, -1.058373, 0.518699, -0.758371, 0.529943, -1.058373, 0.731229, -0.418060, 0.529943
-1.216748, 0.731229, -0.758371, 0.537218, -1.216748, 0.731229, -0.758371, 0.537218, -1.216748, 0.731229, -0.758371, 0.537218, -1.058373, 0.518699, -0.758371, 0.529943, -1.058373, 0.731229, -0.418060, 0.529943, -1.058373, 0.731229, 1.561930, 0.523096
-1.216748, 0.731229, -0.758371, 0.537218, -1.216748, 0.731229, -0.758371, 0.537218, -1.058373, 0.518699, -0.758371, 0.529943, -1.058373, 0.731229, -0.418060, 0.529943, -1.058373, 0.731229, 1.561930, 0.523096, -1.216748, -0.012628, 1.561930, 0.523096
-1.216748, 0.731229, -0.758371, 0.537218, -1.058373, 0.518699, -0.758371, 0.529943, -1.058373, 0.731229, -0.418060, 0.529943, -1.058373, 0.731229, 1.561930, 0.523096, -1.216748, -0.012628, 1.561930, 0.523096, -1.058373, 0.731229, 1.561930, 0.515821
-1.058373, 0.518699, -0.758371, 0.529943, -1.058373, 0.731229, -0.418060, 0.529943, -1.058373, 0.731229, 1.561930, 0.523096, -1.216748, -0.012628, 1.561930, 0.523096, -1.058373, 0.731229, 1.561930, 0.515821, -1.216748, 0.731229, 1.561930, 0.515821
-1.058373, 0.731229, -0.418060, 0.529943, -1.058373, 0.731229, 1.561930, 0.523096, -1.216748, -0.012628, 1.561930, 0.523096, -1.058373, 0.731229, 1.561930, 0.515821, -1.216748, 0.731229, 1.561930, 0.515821, -1.058373, 0.731229, 1.561930, 0.508546
-1.058373, 0.731229, 1.561930, 0.523096, -1.216748, -0.012628, 1.561930, 0.523096, -1.058373, 0.731229, 1.561930, 0.515821, -1.216748, 0.731229, 1.561930, 0.515821, -1.058373, 0.731229, 1.561930, 0.508546, -1.058373, 0.731229, 1.561930, 0.508546
-1.216748, -0.012628, 1.561930, 0.523096, -1.058373, 0.731229, 1.561930, 0.515821, -1.216748, 0.731229, 1.561930, 0.515821, -1.058373, 0.731229, 1.561930, 0.508546, -1.058373, 0.731229, 1.561930, 0.508546, -1.058373, 0.731229, 1.561930, 0.501271
-1.058373, 0.731229, 1.561930, 0.515821, -1.216748, 0.731229, 1.561930, 0.515821, -1.058373, 0.731229, 1.561930, 0.508546, -1.058373, 0.731229, 1.561930, 0.508546, -1.058373, 0.731229, 1.561930, 0.501271, -1.058373, 0.731229, 1.561930, 0.501271
-1.216748, 0.731229, 1.561930, 0.515821, -1.058373, 0.731229, 1.561930, 0.508546, -1.058373, 0.731229, 1.561930, 0.508546, -1.058373, 0.731229, 1.561930, 0.501271, -1.058373, 0.731229, 1.561930, 0.501271, -1.058373, 0.731229, 1.561930, 0.493996
-1.058373, 0.731229, 1.561930, 0.508546, -1.058373, 0.731229, 1.561930, 0.508546, -1.058373, 0.731229, 1.561930, 0.501271, -1.058373, 0.731229, 1.561930, 0.501271, -1.058373, 0.731229, 1.561930, 0.493996, -0.899998, 0.731229, 1.561930, 0.501271
-1.058373, 0.731229, 1.561930, 0.508546, -1.058373, 0.731229, 1.561930, 0.501271, -1.058373, 0.731229, 1.561930, 0.501271, -1.058373, 0.731229, 1.561930, 0.493996, -0.899998, 0.731229, 1.561930, 0.501271, -0.899998, 0.731229, 1.561930, 0.493996
-1.058373, 0.731229, 1.561930, 0.501271, -1.058373, 0.731229, 1.561930, 0.501271, -1.058373, 0.731229, 1.561930, 0.493996, -0.899998, 0.731229, 1.561930, 0.501271, -0.899998, 0.731229, 1.561930, 0.493996, -0.741623, 0.784362, 1.592867, 0.508546
-1.058373, 0.731229, 1.561930, 0.501271, -1.058373, 0.731229, 1.561930, 0.493996, -0.899998, 0.731229, 1.561930, 0.501271, -0.899998, 0.731229, 1.561930, 0.493996, -0.741623, 0.784362, 1.592867, 0.508546, -0.583248, 0.837495, 1.592867, 0.523096
-1.058373, 0.731229, 1.561930, 0.493996, -0.899998, 0.731229, 1.561930, 0.501271, -0.899998, 0.731229, 1.561930, 0.493996, -0.741623, 0.784362, 1.592867, 0.508546, -0.583248, 0.837495, 1.592867, 0.523096, -0.424873, 0.890627, 1.592867, 0.544493
-0.899998, 0.731229, 1.561930, 0.501271, -0.899998, 0.731229, 1.561930, 0.493996, -0.741623, 0.784362, 1.592867, 0.508546, -0.583248, 0.837495, 1.592867, 0.523096, -0.424873, 0.890627, 1.592867, 0.544493, -0.266499, 0.890627, 1.592867, 0.559043
-0.899998, 0.731229, 1.561930, 0.493996, -0.741623, 0.784362, 1.592867, 0.508546, -0.583248, 0.837495, 1.592867, 0.523096, -0.424873, 0.890627, 1.592867, 0.544493, -0.266499, 0.890627, 1.592867, 0.559043, -0.108124, 0.890627, 1.592867, 0.580440
-0.741623, 0.784362, 1.592867, 0.508546, -0.583248, 0.837495, 1.592867, 0.523096, -0.424873, 0.890627, 1.592867, 0.544493, -0.266499, 0.890627, 1.592867, 0.559043, -0.108124, 0.890627, 1.592867, 0.580440, 0.050251, 0.943760, 1.592867, 0.602265
-0.583248, 0.837495, 1.592867, 0.523096, -0.424873, 0.890627, 1.592867, 0.544493, -0.266499, 0.890627, 1.592867, 0.559043, -0.108124, 0.890627, 1.592867, 0.580440, 0.050251, 0.943760, 1.592867, 0.602265, 0.208626, 0.943760, 1.592867, 0.623662
-0.424873, 0.890627, 1.592867, 0.544493, -0.266499, 0.890627, 1.592867, 0.559043, -0.108124, 0.890627, 1.592867, 0.580440, 0.050251, 0.943760, 1.592867, 0.602265, 0.208626, 0.943760, 1.592867, 0.623662, 0.367001, 0.996893, 1.592867, 0.652761
-0.266499, 0.890627, 1.592867, 0.559043, -0.108124, 0.890627, 1.592867, 0.580440, 0.050251, 0.943760, 1.592867, 0.602265, 0.208626, 0.943760, 1.592867, 0.623662, 0.367001, 0.996893, 1.592867, 0.652761, 0.525376, 0.996893, 1.592867, 0.674158
-0.108124, 0.890627, 1.592867, 0.580440, 0.050251, 0.943760, 1.592867, 0.602265, 0.208626, 0.943760, 1.592867, 0.623662, 0.367001, 0.996893, 1.592867, 0.652761, 0.525376, 0.996893, 1.592867, 0.674158, 0.525376, 0.996893, 1.623805, 0.695983
0.050251, 0.943760, 1.592867, 0.602265, 0.208626, 0.943760, 1.592867, 0.623662, 0.367001, 0.996893, 1.592867, 0.652761, 0.525376, 0.996893, 1.592867, 0.674158, 0.525376, 0.996893, 1.623805, 0.695983, 0.525376, 0.996893, 1.623805, 0.724655
0.208626, 0.943760, 1.592867, 0.623662, 0.367001, 0.996893, 1.592867, 0.652761, 0.525376, 0.996893, 1.592867, 0.674158, 0.525376, 0.996893, 1.623805, 0.695983, 0.525376, 0.996893, 1.623805, 0.724655, 0.683750, 0.996893, 1.623805, 0.746480
0.367001, 0.996893, 1.592867, 0.652761, 0.525376, 0.996893, 1.592867, 0.674158, 0.525376, 0.996893, 1.623805, 0.695983, 0.525376, 0.996893, 1.623805, 0.724655, 0.683750, 0.996893, 1.623805, 0.746480, 0.683750, 0.996893, 1.623805, 0.767877
0.525376, 0.996893, 1.592867, 0.674158, 0.525376, 0.996893, 1.623805, 0.695983, 0.525376, 0.996893, 1.623805, 0.724655, 0.683750, 0.996893, 1.623805, 0.746480, 0.683750, 0.996893, 1.623805, 0.767877, 0.683750, 0.996893, 1.592867, 0.789702
0.525376, 0.996893, 1.623805, 0.695983, 0.525376, 0.996893, 1.623805, 0.724655, 0.683750, 0.996893, 1.623805, 0.746480, 0.683750, 0.996893, 1.623805, 0.767877, 0.683750, 0.996893, 1.592867, 0.789702, 0.683750, 0.996893, 1.592867, 0.814094
0.525376, 0.996893, 1.623805, 0.724655, 0.683750, 0.996893, 1.623805, 0.746480, 0.683750, 0.996893, 1.623805, 0.767877, 0.683750, 0.996893, 1.592867, 0.789702, 0.683750, 0.996893, 1.592867, 0.814094, 0.050251, 0.943760, 1.592867, 0.838915
0.683750, 0.996893, 1.623805, 0.746480, 0.683750, 0.996893, 1.623805, 0.767877, 0.683750, 0.996893, 1.592867, 0.789702, 0.683750, 0.996893, 1.592867, 0.814094, 0.050251, 0.943760, 1.592867, 0.838915, -0.108124, 0.890627, 1.592867, 0.863307
0.683750, 0.996893, 1.623805, 0.767877, 0.683750, 0.996893, 1.592867, 0.789702, 0.683750, 0.996893, 1.592867, 0.814094, 0.050251, 0.943760, 1.592867, 0.838915, -0.108124, 0.890627, 1.592867, 0.863307, -0.108124, 0.890627, 1.561930, 0.887700
0.683750, 0.996893, 1.592867, 0.789702, 0.683750, 0.996893, 1.592867, 0.814094, 0.050251, 0.943760, 1.592867, 0.838915, -0.108124, 0.890627, 1.592867, 0.863307, -0.108124, 0.890627, 1.561930, 0.887700, -0.108124, 0.890627, 1.561930, 0.912520
0.683750, 0.996893, 1.592867, 0.814094, 0.050251, 0.943760, 1.592867, 0.838915, -0.108124, 0.890627, 1.592867, 0.863307, -0.108124, 0.890627, 1.561930, 0.887700, -0.108124, 0.890627, 1.561930, 0.912520, -0.424873, 0.890627, 1.561930, 0.928782
0.050251, 0.943760, 1.592867, 0.838915, -0.108124, 0.890627, 1.592867, 0.863307, -0.108124, 0.890627, 1.561930, 0.887700, -0.108124, 0.890627, 1.561930, 0.912520, -0.424873, 0.890627, 1.561930, 0.928782, -0.424873, 0.890627, 1.592867, 0.945044
-0.108124, 0.890627, 1.592867, 0.863307, -0.108124, 0.890627, 1.561930, 0.887700, -0.108124, 0.890627, 1.561930, 0.912520, -0.424873, 0.890627, 1.561930, 0.928782, -0.424873, 0.890627, 1.592867, 0.945044, 0.208626, 0.943760, 1.592867, 0.961305
-0.108124, 0.890627, 1.561930, 0.887700, -0.108124, 0.890627, 1.561930, 0.912520, -0.424873, 0.890627, 1.561930, 0.928782, -0.424873, 0.890627, 1.592867, 0.945044, 0.208626, 0.943760, 1.592867, 0.961305, 0.208626, 0.943760, 1.592867, 0.977995
-0.108124, 0.890627, 1.561930, 0.912520, -0.424873, 0.890627, 1.561930, 0.928782, -0.424873, 0.890627, 1.592867, 0.945044, 0.208626, 0.943760, 1.592867, 0.961305, 0.208626, 0.943760, 1.592867, 0.977995, 0.208626, 0.943760, 1.592867, 1.002388
-0.424873, 0.890627, 1.561930, 0.928782, -0.424873, 0.890627, 1.592867, 0.945044, 0.208626, 0.943760, 1.592867, 0.961305, 0.208626, 0.943760, 1.592867, 0.977995, 0.208626, 0.943760, 1.592867, 1.002388, 0.208626, 0.943760, 1.592867, 1.018649
-0.424873, 0.890627, 1.592867, 0.945044, 0.208626, 0.943760, 1.592867, 0.961305, 0.208626, 0.943760, 1.592867, 0.977995, 0.208626, 0.943760, 1.592867, 1.002388, 0.208626, 0.943760, 1.592867, 1.018649, 0.367001, 0.996893, 1.592867, 1.034911
0.208626, 0.943760, 1.592867, 0.961305, 0.208626, 0.943760, 1.592867, 0.977995, 0.208626, 0.943760, 1.592867, 1.002388, 0.208626, 0.943760, 1.592867, 1.018649, 0.367001, 0.996893, 1.592867, 1.034911, 0.208626, 0.943760, 1.592867, 1.051601
0.208626, 0.943760, 1.592867, 0.977995, 0.208626, 0.943760, 1.592867, 1.002388, 0.208626, 0.943760, 1.592867, 1.018649, 0.367001, 0.996893, 1.592867, 1.034911, 0.208626, 0.943760, 1.592867, 1.051601, 0.208626, 0.943760, 1.592867, 1.067862
0.208626, 0.943760, 1.592867, 1.002388, 0.208626, 0.943760, 1.592867, 1.018649, 0.367001, 0.996893, 1.592867, 1.034911, 0.208626, 0.943760, 1.592867, 1.051601, 0.208626, 0.943760, 1.592867, 1.067862, 0.525376, 0.996893, 1.623805, 1.092255
0.208626, 0.943760, 1.592867, 1.018649, 0.367001, 0.996893, 1.592867, 1.034911, 0.208626, 0.943760, 1.592867, 1.051601, 0.208626, 0.943760, 1.592867, 1.067862, 0.525376, 0.996893, 1.623805, 1.092255, 0.842125, 1.050025, 1.623805, 1.108944
0.367001, 0.996893, 1.592867, 1.034911, 0.208626, 0.943760, 1.592867, 1.051601, 0.208626, 0.943760, 1.592867, 1.067862, 0.525376, 0.996893, 1.623805, 1.092255, 0.842125, 1.050025, 1.623805, 1.108944, 1.000500, 1.103158, 1.623805, 1.133337
0.208626, 0.943760, 1.592867, 1.051601, 0.208626, 0.943760, 1.592867, 1.067862, 0.525376, 0.996893, 1.623805, 1.092255, 0.842125, 1.050025, 1.623805, 1.108944, 1.000500, 1.103158, 1.623805, 1.133337, 1.158875, 1.103158, 1.623805, 1.157729
0.208626, 0.943760, 1.592867, 1.067862, 0.525376, 0.996893, 1.623805, 1.092255, 0.842125, 1.050025, 1.623805, 1.108944, 1.000500, 1.103158, 1.623805, 1.133337, 1.158875, 1.103158, 1.623805, 1.157729, 1.158875, 1.103158, 1.623805, 1.173991
0.525376, 0.996893, 1.623805, 1.092255, 0.842125, 1.050025, 1.623805, 1.108944, 1.000500, 1.103158, 1.623805, 1.133337, 1.158875, 1.103158, 1.623805, 1.157729, 1.158875, 1.103158, 1.623805, 1.173991, 1.158875, 1.103158, 1.623805, 1.198384
0.842125, 1.050025, 1.623805, 1.108944, 1.000500, 1.103158, 1.623805, 1.133337, 1.158875, 1.103158, 1.623805, 1.157729, 1.158875, 1.103158, 1.623805, 1.173991, 1.158875, 1.103158, 1.623805, 1.198384, 1.158875, 1.103158, 1.623805, 1.214645
1.000500, 1.103158, 1.623805, 1.133337, 1.158875, 1.103158, 1.623805, 1.157729, 1.158875, 1.103158, 1.623805, 1.173991, 1.158875, 1.103158, 1.623805, 1.198384, 1.158875, 1.103158, 1.623805, 1.214645, 1.317250, 1.103158, 1.623805, 1.239038
1.158875, 1.103158, 1.623805, 1.157729, 1.158875, 1.103158, 1.623805, 1.173991, 1.158875, 1.103158, 1.623805, 1.198384, 1.158875, 1.103158, 1.623805, 1.214645, 1.317250, 1.103158, 1.623805, 1.239038, 1.000500, 1.103158, 1.623805, 1.255300
1.158875, 1.103158, 1.623805, 1.173991, 1.158875, 1.103158, 1.623805, 1.198384, 1.158875, 1.103158, 1.623805, 1.214645, 1.317250, 1.103158, 1.623805, 1.239038, 1.000500, 1.103158, 1.623805, 1.255300, 1.000500, 1.103158, 1.623805, 1.271561
1.158875, 1.103158, 1.623805, 1.198384, 1.158875, 1.103158, 1.623805, 1.214645, 1.317250, 1.103158, 1.623805, 1.239038, 1.000500, 1.103158, 1.623805, 1.255300, 1.000500, 1.103158, 1.623805, 1.271561, 1.000500, 1.103158, 1.623805, 1.287823
1.158875, 1.103158, 1.623805, 1.214645, 1.317250, 1.103158, 1.623805, 1.239038, 1.000500, 1.103158, 1.623805, 1.255300, 1.000500, 1.103158, 1.623805, 1.271561, 1.000500, 1.103158, 1.623805, 1.287823, 0.683750, 0.996893, 1.592867, 1.304085
1.317250, 1.103158, 1.623805, 1.239038, 1.000500, 1.103158, 1.623805, 1.255300, 1.000500, 1.103158, 1.623805, 1.271561, 1.000500, 1.103158, 1.623805, 1.287823, 0.683750, 0.996893, 1.592867, 1.304085, 0.525376, 0.996893, 1.623805, 1.312215
1.000500, 1.103158, 1.623805, 1.255300, 1.000500, 1.103158, 1.623805, 1.271561, 1.000500, 1.103158, 1.623805, 1.287823, 0.683750, 0.996893, 1.592867, 1.304085, 0.525376, 0.996893, 1.623805, 1.312215, 0.367001, 0.996893, 1.592867, 1.320346
1.000500, 1.103158, 1.623805, 1.271561, 1.000500, 1.103158, 1.623805, 1.287823, 0.683750, 0.996893, 1.592867, 1.304085, 0.525376, 0.996893, 1.623805, 1.312215, 0.367001, 0.996893, 1.592867, 1.320346, 0.367001, 0.996893, 1.592867, 1.328477
1.000500, 1.103158, 1.623805, 1.287823, 0.683750, 0.996893, 1.592867, 1.304085, 0.525376, 0.996893, 1.623805, 1.312215, 0.367001, 0.996893, 1.592867, 1.320346, 0.367001, 0.996893, 1.592867, 1.328477, 0.208626, 0.943760, 1.592867, 1.336608
0.683750, 0.996893, 1.592867, 1.304085, 0.525376, 0.996893, 1.623805, 1.312215, 0.367001, 0.996893, 1.592867, 1.320346, 0.367001, 0.996893, 1.592867, 1.328477, 0.208626, 0.943760, 1.592867, 1.336608, 0.208626, 0.943760, 1.592867, 1.344739
0.525376, 0.996893, 1.623805, 1.312215, 0.367001, 0.996893, 1.592867, 1.320346, 0.367001, 0.996893, 1.592867, 1.328477, 0.208626, 0.943760, 1.592867, 1.336608, 0.208626, 0.943760, 1.592867, 1.344739, 0.208626, 0.943760, 1.592867, 1.344739
0.367001, 0.996893, 1.592867, 1.320346, 0.367001, 0.996893, 1.592867, 1.328477, 0.208626, 0.943760, 1.592867, 1.336608, 0.208626, 0.943760, 1.592867, 1.344739, 0.208626, 0.943760, 1.592867, 1.344739, 0.050251, 0.943760, 1.592867, 1.352870
0.367001, 0.996893, 1.592867, 1.328477, 0.208626, 0.943760, 1.592867, 1.336608, 0.208626, 0.943760, 1.592867, 1.344739, 0.208626, 0.943760, 1.592867, 1.344739, 0.050251, 0.943760, 1.592867, 1.352870, 0.050251, 0.943760, 1.592867, 1.361000
0.208626, 0.943760, 1.592867, 1.336608, 0.208626, 0.943760, 1.592867, 1.344739, 0.208626, 0.943760, 1.592867, 1.344739, 0.050251, 0.943760, 1.592867, 1.352870, 0.050251, 0.943760, 1.592867, 1.361000, 0.050251, 0.943760, 1.035995, 1.369131
0.208626, 0.943760, 1.592867, 1.344739, 0.208626, 0.943760, 1.592867, 1.344739, 0.050251, 0.943760, 1.592867, 1.352870, 0.050251, 0.943760, 1.592867, 1.361000, 0.050251, 0.943760, 1.035995, 1.369131, -0.108124, 0.837495, -0.479935, 1.369131
0.208626, 0.943760, 1.592867, 1.344739, 0.050251, 0.943760, 1.592867, 1.352870, 0.050251, 0.943760, 1.592867, 1.361000, 0.050251, 0.943760, 1.035995, 1.369131, -0.108124, 0.837495, -0.479935, 1.369131, -0.266499, 0.890627, -0.758371, 1.377262
0.050251, 0.943760, 1.592867, 1.352870, 0.050251, 0.943760, 1.592867, 1.361000, 0.050251, 0.943760, 1.035995, 1.369131, -0.108124, 0.837495, -0.479935, 1.369131, -0.266499, 0.890627, -0.758371, 1.377262, -0.424873, 0.890627, -0.758371, 1.377262
0.050251, 0.943760, 1.592867, 1.361000, 0.050251, 0.943760, 1.035995, 1.369131, -0.108124, 0.837495, -0.479935, 1.369131, -0.266499, 0.890627, -0.758371, 1.377262, -0.424873, 0.890627, -0.758371, 1.377262, -0.424873, 0.890627, -0.758371, 1.385393
0.050251, 0.943760, 1.035995, 1.369131, -0.108124, 0.837495, -0.479935, 1.369131, -0.266499, 0.890627, -0.758371, 1.377262, -0.424873, 0.890627, -0.758371, 1.377262, -0.424873, 0.890627, -0.758371, 1.385393, -0.424873, 0.890627, -0.758371, 1.385393
-0.108124, 0.837495, -0.479935, 1.369131, -0.266499, 0.890627, -0.758371, 1.377262, -0.424873, 0.890627, -0.758371, 1.377262, -0.424873, 0.890627, -0.758371, 1.385393, -0.424873, 0.890627, -0.758371, 1.385393, -0.583248, 0.837495, -0.758371, 1.393524
-0.266499, 0.890627, -0.758371, 1.377262, -0.424873, 0.890627, -0.758371, 1.377262, -0.424873, 0.890627, -0.758371, 1.385393, -0.424873, 0.890627, -0.758371, 1.385393, -0.583248, 0.837495, -0.758371, 1.393524, -0.899998, 0.731229, -0.758371, 1.393524
-0.424873, 0.890627, -0.758371, 1.377262, -0.424873, 0.890627, -0.758371, 1.385393, -0.424873, 0.890627, -0.758371, 1.385393, -0.583248, 0.837495, -0.758371, 1.393524, -0.899998, 0.731229, -0.758371, 1.393524, -1.058373, 0.731229, -0.758371, 1.393524
-0.424873, 0.890627, -0.758371, 1.385393, -0.424873, 0.890627, -0.758371, 1.385393, -0.583248, 0.837495, -0.758371, 1.393524, -0.899998, 0.731229, -0.758371, 1.393524, -1.058373, 0.731229, -0.758371, 1.393524, -1.058373, 0.731229, -0.758371, 1.401655
-0.424873, 0.890627, -0.758371, 1.385393, -0.583248, 0.837495, -0.758371, 1.393524, -0.899998, 0.731229, -0.758371, 1.393524, -1.058373, 0.731229, -0.758371, 1.393524, -1.058373, 0.731229, -0.758371, 1.401655, -1.058373, 0.731229, -0.758371, 1.401655
-0.583248, 0.837495, -0.758371, 1.393524, -0.899998, 0.731229, -0.758371, 1.393524, -1.058373, 0.731229, -0.758371, 1.393524, -1.058373, 0.731229, -0.758371, 1.401655, -1.058373, 0.731229, -0.758371, 1.401655, -0.741623, 0.784362, -0.758371, 1.401655
-0.899998, 0.731229, -0.758371, 1.393524, -1.058373, 0.731229, -0.758371, 1.393524, -1.058373, 0.731229, -0.758371, 1.401655, -1.058373, 0.731229, -0.758371, 1.401655, -0.741623, 0.784362, -0.758371, 1.401655, -1.058373, 0.731229, -0.758371, 1.401655
-1.058373, 0.731229, -0.758371, 1.393524, -1.058373, 0.731229, -0.758371, 1.401655, -1.058373, 0.731229, -0.758371, 1.401655, -0.741623, 0.784362, -0.758371, 1.401655, -1.058373, 0.731229, -0.758371, 1.401655, -0.899998, 0.731229, -0.758371, 1.401655
-1.058373, 0.731229, -0.758371, 1.401655, -1.058373, 0.731229, -0.758371, 1.401655, -0.741623, 0.784362, -0.758371, 1.401655, -1.058373, 0.731229, -0.758371, 1.401655, -0.899998, 0.731229, -0.758371, 1.401655, -0.741623, 0.784362, -0.758371, 1.401655
-1.058373, 0.731229, -0.758371, 1.401655, -0.741623, 0.784362, -0.758371, 1.401655, -1.058373, 0.731229, -0.758371, 1.401655, -0.899998, 0.731229, -0.758371, 1.401655, -0.741623, 0.784362, -0.758371, 1.401655, -0.583248, 0.837495, -0.758371, 1.401655
-0.741623, 0.784362, -0.758371, 1.401655, -1.058373, 0.731229, -0.758371, 1.401655, -0.899998, 0.731229, -0.758371, 1.401655, -0.741623, 0.784362, -0.758371, 1.401655, -0.583248, 0.837495, -0.758371, 1.401655, -0.583248, 0.837495, -0.758371, 1.401655
-1.058373, 0.731229, -0.758371, 1.401655, -0.899998, 0.731229, -0.758371, 1.401655, -0.741623, 0.784362, -0.758371, 1.401655, -0.583248, 0.837495, -0.758371, 1.401655, -0.583248, 0.837495, -0.758371, 1.401655, -0.741623, 0.784362, -0.758371, 1.401655
-0.899998, 0.731229, -0.758371, 1.401655, -0.741623, 0.784362, -0.758371, 1.401655, -0.583248, 0.837495, -0.758371, 1.401655, -0.583248, 0.837495, -0.758371, 1.401655, -0.741623, 0.784362, -0.758371, 1.401655, -0.741623, 0.784362, -0.758371, 1.401655
-0.741623, 0.784362, -0.758371, 1.401655, -0.583248, 0.837495, -0.758371, 1.401655, -0.583248, 0.837495, -0.758371, 1.401655, -0.741623, 0.784362, -0.758371, 1.401655, -0.741623, 0.784362, -0.758371, 1.401655, -0.741623, 0.784362, -0.758371, 1.401655
-0.583248, 0.837495, -0.758371, 1.401655, -0.583248, 0.837495, -0.758371, 1.401655, -0.741623, 0.784362, -0.758371, 1.401655, -0.741623, 0.784362, -0.758371, 1.401655, -0.741623, 0.784362, -0.758371, 1.401655, -0.741623, 0.784362, -0.758371, 1.401655
-0.583248, 0.837495, -0.758371, 1.401655, -0.741623, 0.784362, -0.758371, 1.401655, -0.741623, 0.784362, -0.758371, 1.401655, -0.741623, 0.784362, -0.758371, 1.401655, -0.741623, 0.784362, -0.758371, 1.401655, -0.741623, 0.784362, -0.758371, 1.401655
-0.741623, 0.784362, -0.758371, 1.401655, -0.741623, 0.784362, -0.758371, 1.401655, -0.741623, 0.784362, -0.758371, 1.401655, -0.741623, 0.784362, -0.758371, 1.401655, -0.741623, 0.784362, -0.758371, 1.401655, -0.741623, 0.784362, -0.758371, 1.401655
-0.741623, 0.784362, -0.758371, 1.401655, -0.741623, 0.784362, -0.758371, 1.401655, -0.741623, 0.784362, -0.758371, 1.401655, -0.741623, 0.784362, -0.758371, 1.401655, -0.741623, 0.784362, -0.758371, 1.401655, -0.741623, 0.784362, -0.758371, 1.393524
-0.741623, 0.784362, -0.758371, 1.401655, -0.741623, 0.784362, -0.758371, 1.401655, -0.741623, 0.784362, -0.758371, 1.401655, -0.741623, 0.784362, -0.758371, 1.401655, -0.741623, 0.784362, -0.758371, 1.393524, -0.741623, 0.784362, -0.758371, 1.393524
-0.741623, 0.784362, -0.758371, 1.401655, -0.741623, 0.784362, -0.758371, 1.401655, -0.741623, 0.784362, -0.758371, 1.401655, -0.741623, 0.784362, -0.758371, 1.393524, -0.741623, 0.784362, -0.758371, 1.393524, -0.741623, 0.784362, -0.758371, 1.393524
-0.741623, 0.784362, -0.758371, 1.401655, -0.741623, 0.784362, -0.758371, 1.401655, -0.741623, 0.784362, -0.758371, 1.393524, -0.741623, 0.784362, -0.758371, 1.393524, -0.741623, 0.784362, -0.758371, 1.393524, -0.899998, 0.731229, -0.758371, 1.393524
-0.741623, 0.784362, -0.758371, 1.401655, -0.741623, 0.784362, -0.758371, 1.393524, -0.741623, 0.784362, -0.758371, 1.393524, -0.741623, 0.784362, -0.758371, 1.393524, -0.899998, 0.731229, -0.758371, 1.393524, -0.741623, 0.199903, -0.758371, 1.385393
-0.741623, 0.784362, -0.758371, 1.393524, -0.741623, 0.784362, -0.758371, 1.393524, -0.741623, 0.784362, -0.758371, 1.393524, -0.899998, 0.731229, -0.758371, 1.393524, -0.741623, 0.199903, -0.758371, 1.385393, -0.741623, 0.784362, -0.758371, 1.385393
-0.741623, 0.784362, -0.758371, 1.393524, -0.741623, 0.784362, -0.758371, 1.393524, -0.899998, 0.731229, -0.758371, 1.393524, -0.741623, 0.199903, -0.758371, 1.385393, -0.741623, 0.784362, -0.758371, 1.385393, -0.899998, 0.731229, -0.758371, 1.385393
-0.741623, 0.784362, -0.758371, 1.393524, -0.899998, 0.731229, -0.758371, 1.393524, -0.741623, 0.199903, -0.758371, 1.385393, -0.741623, 0.784362, -0.758371, 1.385393, -0.899998, 0.731229, -0.758371, 1.385393, -0.741623, 0.784362, -0.758371, 1.377262
-0.899998, 0.731229, -0.758371, 1.393524, -0.741623, 0.199903, -0.758371, 1.385393, -0.741623, 0.784362, -0.758371, 1.385393, -0.899998, 0.731229, -0.758371, 1.385393, -0.741623, 0.784362, -0.758371, 1.377262, -0.741623, 0.784362, -0.758371, 1.377262
-0.741623, 0.199903, -0.758371, 1.385393, -0.741623, 0.784362, -0.758371, 1.385393, -0.899998, 0.731229, -0.758371, 1.385393, -0.741623, 0.784362, -0.758371, 1.377262, -0.741623, 0.784362, -0.758371, 1.377262, -0.741623, 0.784362, -0.758371, 1.369131
-0.741623, 0.784362, -0.758371, 1.385393, -0.899998, 0.731229, -0.758371, 1.385393, -0.741623, 0.784362, -0.758371, 1.377262, -0.741623, 0.784362, -0.758371, 1.377262, -0.741623, 0.784362, -0.758371, 1.369131, -0.899998, 0.731229, -0.758371, 1.369131
-0.899998, 0.731229, -0.758371, 1.385393, -0.741623, 0.784362, -0.758371, 1.377262, -0.741623, 0.784362, -0.758371, 1.377262, -0.741623, 0.784362, -0.758371, 1.369131, -0.899998, 0.731229, -0.758371, 1.369131, -0.899998, 0.731229, -0.758371, 1.369131
-0.741623, 0.784362, -0.758371, 1.377262, -0.741623, 0.784362, -0.758371, 1.377262, -0.741623, 0.784362, -0.758371, 1.369131, -0.899998, 0.731229, -0.758371, 1.369131, -0.899998, 0.731229, -0.758371, 1.369131, -0.899998, 0.731229, -0.758371, 1.361000
-0.741623, 0.784362, -0.758371, 1.377262, -0.741623, 0.784362, -0.758371, 1.369131, -0.899998, 0.731229, -0.758371, 1.369131, -0.899998, 0.731229, -0.758371, 1.369131, -0.899998, 0.731229, -0.758371, 1.361000, -0.899998, 0.731229, -0.758371, 1.361000
-0.741623, 0.784362, -0.758371, 1.369131, -0.899998, 0.731229, -0.758371, 1.369131, -0.899998, 0.731229, -0.758371, 1.369131, -0.899998, 0.731229, -0.758371, 1.361000, -0.899998, 0.731229, -0.758371, 1.361000, -0.741623, 0.784362, -0.758371, 1.352870
-0.899998, 0.731229, -0.758371, 1.369131, -0.899998, 0.731229, -0.758371, 1.369131, -0.899998, 0.731229, -0.758371, 1.361000, -0.899998, 0.731229, -0.758371, 1.361000, -0.741623, 0.784362, -0.758371, 1.352870, -0.741623, 0.199903, -0.758371, 1.352870
-0.899998, 0.731229, -0.758371, 1.369131, -0.899998, 0.731229, -0.758371, 1.361000, -0.899998, 0.731229, -0.758371, 1.361000, -0.741623, 0.784362, -0.758371, 1.352870, -0.741623, 0.199903, -0.758371, 1.352870, -0.899998, 0.731229, -0.758371, 1.344739
-0.899998, 0.731229, -0.758371, 1.361000, -0.899998, 0.731229, -0.758371, 1.361000, -0.741623, 0.784362, -0.758371, 1.352870, -0.741623, 0.199903, -0.758371, 1.352870, -0.899998, 0.731229, -0.758371, 1.344739, -0.899998, 0.731229, -0.758371, 1.344739
-0.899998, 0.731229, -0.758371, 1.361000, -0.741623, 0.784362, -0.758371, 1.352870, -0.741623, 0.199903, -0.758371, 1.352870, -0.899998, 0.731229, -0.758371, 1.344739, -0.899998, 0.731229, -0.758371, 1.344739, -0.899998, 0.731229, -0.758371, 1.336608
-0.741623, 0.784362, -0.758371, 1.352870, -0.741623, 0.199903, -0.758371, 1.352870, -0.899998, 0.731229, -0.758371, 1.344739, -0.899998, 0.731229, -0.758371, 1.344739, -0.899998, 0.731229, -0.758371, 1.336608, -0.899998, 0.731229, -0.758371, 1.336608
